17400-90J11,smart_10001011
86049,smart_10001012
815504348,smart_10001013
06192-ZW9-000,smart_10001014
06192-ZW9-010,smart_10001015
06192-ZW9-020,smart_10001016
865436A03,smart_10001017
331236451,smart_10001018
271001420,smart_10001019
271001933,smart_10001020
271002109,smart_10001021
271002168,smart_10001022
271002206,smart_10001023
271001575,smart_10001024
293300219,smart_10001025
8M0105089,smart_10001026
8M0105090,smart_10001027
18411A2,smart_10001028
853641A2,smart_10001029
45814A5,smart_10001030
40031M09300,smart_10001031
420611397KIT,smart_10001032
420612472KIT,smart_10001033
420815155,smart_10001034
415129406,smart_10001035
007-626,smart_10001036
21836,smart_10001037
455771,smart_10001038
8M0050720,smart_10001039
8M0025709,smart_10001040
90196,smart_10001041
8M0032833,smart_10001042
8M2014338,smart_10001043
8172771,smart_10001044
818769,smart_10001045
830749,smart_10001046
43033,smart_10001047
417300155,smart_10000045
43047,smart_10001048
43034,smart_10001049
817277,smart_10001050
19183,smart_10001051
803098T1,smart_10001052
803097T1,smart_10001053
250000806,smart_10001054
705006129,smart_10001055
8M0204670,smart_10001056
805344,smart_10001057
821092,smart_10001058
861694,smart_10001059
20826,smart_10001060
31534,smart_10001061
33465,smart_10001062
34821,smart_10001063
805331,smart_10001064
805726,smart_10001065
36556,smart_10001066
8M0091545,smart_10001067
8M2010910,smart_10001068
8M0062593,smart_10001069
8M0109048,smart_10001070
74639A2,smart_10001071
864572A1,smart_10001072
805130A2,smart_10001073
888761K01,smart_10001074
888758K01,smart_10001075
806552,smart_10001076
805759Q3,smart_10001077
805759T3,smart_10001078
807151A1,smart_10001079
74191,smart_10001080
807356,smart_10001081
814806,smart_10001082
59362T1,smart_10001083
8M0029447,smart_30305065
715008110,smart_10000081
715002875,smart_10000081
94288,smart_10001084
75832T1,smart_10000086
758321,smart_10000086
75832A3,smart_10000086
75832T,smart_10000086
75832B1,smart_10000086
75832,smart_10000086
75832A1,smart_10000086
75832A2,smart_10000086
75832B,smart_10000086
75832B2,smart_10000086
75832B3,smart_10000086
58749,smart_10000086
36312,smart_10000086
41431,smart_10000086
94576,smart_10001085
807166,smart_10001086
807167,smart_10001087
807252T2,smart_10001088
806922,smart_10001089
30224,smart_10001090
33918,smart_10001091
48818-1,smart_10001092
47510,smart_10001093
33179-2,smart_10001094
49953,smart_10001095
815528,smart_10001096
866027,smart_10001097
814703,smart_10001098
851040,smart_10001099
822189,smart_10001100
194541,smart_10001101
817472,smart_10001102
19701,smart_10001103
69188,smart_10001104
69189,smart_10001105
48171,smart_10001106
45258,smart_10001107
815504372,smart_10001108
816607,smart_10001109
14077,smart_10001110
36318,smart_10001111
90011,smart_10001112
627021,smart_10001113
16977,smart_10001114
66302,smart_10001115
430331,smart_10001116
892361,smart_10001117
420888995,smart_84314996
8M0112282,smart_10001118
96148T1,smart_10001119
43026Q02,smart_10001120
807929A1,smart_10001121
8172772,smart_10001122
816575A2,smart_10001123
888761Q04,smart_10001125
10165A,smart_10001126
4336200,smart_10001127
41365A3,smart_10001128
807756A01,smart_10001129
807756A02,smart_10001130
832075T18,smart_10001131
834949A4,smart_10001132
850001A1,smart_10001133
11149A22,smart_10001134
11149A23,smart_10001135
813938,smart_10001136
850298,smart_10001137
8354671,smart_10001138
835290A1,smart_10001139
826074Q1,smart_10001140
8M0042130,smart_10001141
52707Q1,smart_10001142
850464,smart_10001143
49099,smart_10001144
863480,smart_10001145
20572,smart_10001146
28303,smart_10001147
8M0175082,smart_10001148
865425A03,smart_10001149
8M0047215,smart_10001150
8M0047216,smart_10001151
817275Q05,smart_10000120
817275A4,smart_10000120
817275A3,smart_10000120
817275Q4,smart_10000120
817275T4,smart_10000120
817275K05,smart_10000120
864650A05,smart_10001152
879312023,smart_10001153
8M0148530,smart_10001154
880596506,smart_10001155
880596507,smart_10001156
8M0130897,smart_10001157
881879A22,smart_10001158
881879T25,smart_10001159
883476A4,smart_10001160
823894,smart_10001161
32546,smart_10001162
864319,smart_10001163
88397,smart_10001164
70937,smart_10001165
76214-4-MG,smart_10001166
76214-5-MG,smart_10001167
865182,smart_10001168
89238A2,smart_10001169
89238A3,smart_10001170
32561,smart_10001171
816133,smart_10001172
885599A1,smart_10001173
862209,smart_10001174
41408,smart_10001175
65970T1,smart_10001176
879884T,smart_10001177
879885Q,smart_10001178
8M0168892,smart_10001179
887978,smart_10001180
78458A1,smart_10001181
877769Q01,smart_10001182
888593,smart_10001183
805130A10,smart_10001184
8M0083579,smart_10001185
818557001,smart_10001186
888760Q04,smart_10000164
888760Q02,smart_10000164
17400-92823,smart_10001000
17400-92822,smart_10001001
29845,smart_10001002
35027,smart_10001003
457101,smart_10001004
62705,smart_10001005
17461-93903,smart_10001006
17462-93990,smart_10001007
17472-93911,smart_10001008
17471-93902,smart_10001009
17400-90J20,smart_10001010
818557,smart_10001187
831957,smart_10001188
8307973,smart_10001189
8M2021987,smart_10001190
8M2001645,smart_10001191
862040,smart_10001192
8M0118069,smart_10001193
8M0139997,smart_10001194
880133T12,smart_10001195
8M0088066,smart_10001196
893404,smart_10001197
76214Q5,smart_10001198
826134Q,smart_10001199
880653,smart_10001200
892227,smart_10001201
859073,smart_10001202
861246A05,smart_10001209
8M0056234,smart_10001210
835467Q01,smart_10001211
8M0170715,smart_10001212
8M0204708,smart_10000114
816464,smart_10000114
8164641,smart_10000114
76384,smart_10000114
91253-ZW1-003,smart_10000114
0508481,smart_10000114
854684,smart_10023188
8M0067334,smart_10000119
816814T,smart_10000119
816814,smart_10000119
832828A45,smart_10000128
865315A02,smart_10000144
805074A2,smart_10000144
88416,smart_10000163
36143,smart_10000163
893318T02,smart_10000168
893318T01,smart_10000168
8M0104358,smart_10000193
86763A04,smart_10000193
8M0122423,smart_10000197
8M0060041,smart_10000197
8M0020349,smart_10000197
884380T,smart_10000197
8M0122424,smart_10000197
8M0177107,smart_10000213
824853,smart_10000213
8248531,smart_10000213
62Y1241400,smart_10000213
6H312414A100,smart_10000213
65W1241400,smart_10000213
6H31241400,smart_10000213
4X7-13440-90,smart_10000066
4X7-13440-01,smart_10000066
4X7-13440-00,smart_10000066
2H0-13440-90,smart_10000066
583-13440-10,smart_10000066
5JX-13440-00,smart_10000066
4X7-13440-60,smart_10000066
4X7-13440-80,smart_10000066
805759T1,smart_10000101
805759A5,smart_10000101
805759A2,smart_10000101
805759T2,smart_10000101
805759A1,smart_10000101
16457A4,smart_10000101
43557A1,smart_10000101
43557,smart_10000101
90746A1,smart_10000101
805759Q01,smart_10000101
8M0135641,smart_10000201
8M0101099,smart_10000201
8M0079894,smart_10000201
8M0062382,smart_10000201
8M0059084,smart_10000201
807166A1,smart_10000103
811635T3,smart_10000108
811635,smart_10000108
811635T,smart_10000108
802467,smart_10000108
3854260,smart_10000108
986643,smart_10000108
861523A11,smart_10000139
861523A1,smart_10000139
866134T,smart_10000148
8M0093688,smart_10000151
866171A01,smart_10000151
892657,smart_10000151
7977,smart_10000151
8M0007131,smart_10000173
888909A1,smart_10000173
8M0118179,smart_10000175
8M0045278,smart_10000175
857081,smart_10000175
808062A1,smart_43919137
861126A1,smart_43919137
8M0140001,smart_10000205
8M0050018,smart_10000205
862235A1,smart_10000205
8M0162829,smart_10000211
8M0162830,smart_10000211
8M0065104,smart_10000211
8M0065103,smart_10000211
822626K04,smart_10000211
822626Q04,smart_10000211
877768K01,smart_10000211
420874402,smart_10000055
874402,smart_10000055
706001373,smart_10000075
15412-KEA-003,smart_10000008
15412-413-005,smart_10000008
15412-413-000,smart_10000008
15412-KK9-911,smart_10000008
154A1-413-000,smart_10000008
17400-93951,smart_10000016
17400-93950,smart_10000016
17400-93960,smart_10000016
43026K06,smart_10000059
43026Q06,smart_10000059
43026Q5,smart_10000059
43026T10,smart_10000059
43026T11,smart_10000059
43026T19,smart_10000059
43026T5,smart_10000059
43026T6,smart_10000059
43026T7,smart_10000059
43026T8,smart_10000059
8M0094529,smart_10000059
8M0094530,smart_10000059
8M0100526,smart_10000059
8M0100527,smart_10000059
8M0088080,smart_10000183
8M0087973,smart_10000183
865615Q03,smart_10000070
862087,smart_10000070
862087A1,smart_10000070
8638763,smart_10000070
865615003,smart_10000070
15100,smart_10000070
420296774,smart_10000049
420685244,smart_10000049
420296775,smart_10000049
420296770,smart_10000049
878087A4,smart_10000058
42933A3,smart_10000058
42933A2,smart_10000058
828072A2,smart_10000058
17064A3,smart_10000058
864850A02,smart_10000143
864850A1,smart_10000143
866136A01,smart_10000149
8M0079202,smart_10000180
805570A2,smart_10000180
7803A4,smart_10000180
7803,smart_10000180
805570A1,smart_10000180
8M0095310,smart_10000187
863187A1,smart_10000187
863187,smart_10000187
420611407,smart_10000050
420611400,smart_10000050
420611401,smart_10000050
420611404,smart_10000050
420611405,smart_10000050
60932A4,smart_10000071
60932A1,smart_10000071
709400783,smart_10000079
709402693,smart_10000079
710008088,smart_10000080
89876A3,smart_10000171
55481,smart_10000171
89876,smart_10000171
8M0215003,smart_10000218
884792,smart_10000218
8M6001106,smart_10000218
898253T22,smart_10000218
898253022,smart_10000218
8M6001105,smart_10000218
3858975,smart_10000218
16510-92J01,smart_10000012
16510-92J00,smart_10000012
16510-82703,smart_10000012
16510-81420,smart_10000012
7897,smart_10000012
778887,smart_10000012
5033919,smart_10000012
16755Q1,smart_10000014
16755,smart_10000014
16755A1,smart_10000014
2615,smart_10000014
3211066,smart_10000036
703501037,smart_10000074
703500923,smart_10000074
703500829,smart_10000074
863674A04,smart_10001203
8M0103389,smart_10001204
8M0072979,smart_10001205
8M0114788,smart_10001206
8M0147070,smart_10001207
862039,smart_10001208
816761Q17,smart_10000117
816761A17,smart_10000117
816761K17,smart_10000117
8M0176523,smart_10000145
865437A02,smart_10000145
815471A6,smart_10000145
815471A5,smart_10000145
815471A3,smart_10000145
815471T1,smart_10000145
43432A2,smart_10000145
19297A3,smart_10000145
18643A5,smart_10000018
18643A7,smart_10000018
8M0176524,smart_10000021
865436A02,smart_10000021
19543A10,smart_10000021
19543A8,smart_10000021
19543A4,smart_10000021
19543A2,smart_10000021
41951A1,smart_10000021
73679A2,smart_10000021
66065A1,smart_10000021
66069A2,smart_10000021
2410615,smart_10000025
278003400,smart_10000029
278003092,smart_10000029
295501205,smart_10000033
295501199,smart_10000033
295100814,smart_10000032
8M0060003,smart_52619899
8M0060004,smart_52619899
8M0060005,smart_52619899
802839A1,smart_57947080
858049QE,smart_57947080
8M0061422,smart_57947080
8M0086224,smart_57947080
8M0206954,smart_57947080
92-8M0086224,smart_57947080
420889910,smart_04799790
420889911,smart_04799790
420888864,smart_38048124
420890380,smart_38048124
460546,smart_38048124
711888864,smart_38048124
420890381,smart_41296440
420892738,smart_98621977
420892821,smart_63529785
420892825,smart_79605392
420490670,smart_91298308
420893566,smart_91298308
420893567,smart_91298308
420893588,smart_91298308
420898040,smart_56504055
420898042,smart_56504055
420898044,smart_56504055
42089A3,smart_40314817
42089A4,smart_40314817
42089A5,smart_40314817
420917516,smart_35625746
420917518,smart_35625746
420950772,smart_22057894
267000914,smart_54274073
267000951,smart_54274073
267001050,smart_54274073
267000957,smart_54274073
267000803,smart_54274073
277000949,smart_65391007
277001326,smart_65391007
277001578,smart_65391007
277001438,smart_65391007
277001555,smart_65391007
8M0107462,smart_10000195
293350150,smart_10000031
293350118,smart_10000031
293350040,smart_10000031
705400088,smart_10000031
805536A2,smart_10000098
805536A1,smart_10000098
8055361,smart_10000098
42647A1,smart_65335136
43110-41G00,smart_10000062
50083T,smart_62725088
NA-50083T,smart_62725088
420874730,smart_29082949
420874731,smart_29082949
512060539,smart_29082949
512060649,smart_29082949
512060727,smart_29082949
512060890,smart_29082949
512060919,smart_29082949
512061009,smart_29082949
512061053,smart_29082949
512061233,smart_29082949
5010181JP,smart_13403165
5121400TP,smart_13403165
5010194JP,smart_47074369
5121600TP,smart_47074369
515177457,smart_97617683
515178038,smart_97617683
515178286,smart_97617683
517306490,smart_61565768
517309198,smart_61565768
517307762,smart_30046444
342731,smart_41124187
3853336,smart_41124187
52364,smart_41124187
810841,smart_41124187
8M0230581,smart_41124187
3211130,smart_10000038
3211116,smart_10000038
816431A1,smart_10000113
5441500TP,smart_54531425
010005GP,smart_94501636
6010005GP,smart_94501636
6010005JP,smart_94501636
61000004P,smart_94501636
6111002LP,smart_94501636
6111002TP,smart_94501636
619230014,smart_01319452
619230055,smart_01319452
62000024P,smart_60002974
62000025P,smart_60002974
6211002NZ,smart_60002974
6311002NZ,smart_60002974
6020004GP,smart_04169023
6020004KZ,smart_04169023
6511002NP,smart_04169023
6511002NZ,smart_04169023
6511002TP,smart_04169023
86754,smart_10120339
86754T,smart_10120339
3211206,smart_10000040
3211149,smart_10000040
3211143,smart_10000040
3211169,smart_10000040
32573A1,smart_10000041
35990A1,smart_10000042
35990A2,smart_10000042
393831,smart_10000043
39383T,smart_10000043
39383,smart_10000043
420254682,smart_10000047
420254027,smart_10000047
711254027,smart_10000047
420254680,smart_10000047
295501047,smart_10000047
462522,smart_10000047
505073438,smart_10000067
7710533,smart_10000088
853643A2,smart_10000135
805078A1,smart_10000093
805079T,smart_10000094
805079,smart_10000094
8M0103477,smart_10000096
805182A1,smart_10000096
812773T02,smart_10000109
824326002,smart_10000125
8243261,smart_10000125
814669A2,smart_10000112
814669A1,smart_10000112
853594T,smart_10000134
853594,smart_10000134
824112,smart_10000134
66063,smart_10000134
859103T,smart_10000137
859103,smart_10000137
86036Q,smart_10000138
86036,smart_10000138
86036A1,smart_10000138
79431,smart_10000138
68676,smart_10000138
66073,smart_10000138
73004,smart_10000138
47373,smart_10000138
843240,smart_10000132
835257K1,smart_10000131
835257Q1,smart_10000131
835257A1,smart_10000131
827703A1,smart_10000131
850515A1,smart_10000131
835257A25,smart_10000131
879312032,smart_10000157
P1016,smart_10000157
23976,smart_10000157
881879T11,smart_10000159
881879A6,smart_10000159
881879011,smart_10000159
859210,smart_10000159
859210T,smart_10000159
859604A1,smart_10000159
8M0055044,smart_10000176
8M0106635,smart_10000194
8M0176313,smart_10000194
8M0103471,smart_10000191
86752A1,smart_10000191
8M0137221,smart_10000203
8M0121940,smart_10000203
8M0137263,smart_10000204
816685,smart_10000204
8M0125304,smart_10000204
8M0127949,smart_10000200
815919A1,smart_10000200
8M0139995,smart_10000202
8M0137216,smart_10000202
8M0122655,smart_10000202
8M0118067,smart_10000202
862914T10,smart_10000202
862914T3,smart_10000202
8M0150304,smart_10000206
138651,smart_10000206
13865,smart_10000206
FI1101281,smart_10000206
86768A2,smart_39493879
8M0157708,smart_10001213
850304,smart_59178745
875183,smart_59178745
1019520-067,smart_10000002
1521172,smart_10000006
1520836,smart_10000006
13524T12,smart_10000004
8M0090559,smart_10001214
8M0113483,smart_10001215
8M0207807,smart_10001216
8M0207808,smart_10001217
8M0154270,smart_10001218
0823-496,smart_10000001
0823-391,smart_10000001
12224,smart_10000003
F697118,smart_10000003
14400-ZV5-014,smart_10000005
14400-ZV5-004,smart_10000005
14400-ZV5-000,smart_10000005
3211132,smart_10000039
16510-45H10,smart_10000010
8870,smart_10000010
16510-45040,smart_10000009
16500-45810,smart_10000009
16500-45820,smart_10000009
16518-49200,smart_10000009
16510-61A32,smart_10000011
16510-61A21-MHL,smart_10000011
16510-61A31,smart_10000011
16510-61A20-MHL,smart_10000011
16510-61A21,smart_10000011
16510-61A20,smart_10000011
16510-90J00,smart_10000011
7895,smart_10000011
7896,smart_10000011
16510-61A01,smart_10000011
16510-61A00,smart_10000011
16510-61A30,smart_10000011
16510-93J00,smart_10000011
16510-61AV1,smart_10000011
16544A46,smart_10000013
16544A45,smart_10000013
16544A41,smart_10000013
16544A40,smart_10000013
QS5070X,smart_10000013
17264T2,smart_10000015
17264C1,smart_10000015
F755457,smart_10000015
17264,smart_10000015
17461-90J01,smart_10000017
17461-90J00,smart_10000017
17461-94500,smart_10000017
17461-94501,smart_10000017
17461-94502,smart_10000017
17461-94503,smart_10000017
17461-94504,smart_10000017
17461-94505,smart_10000017
17461-94506,smart_10000017
17461-94510,smart_10000017
17461-94511,smart_10000017
17461-94520,smart_10000017
21951348,smart_10000022
21213660,smart_10000022
3862567,smart_10000022
3858256,smart_10000022
3862281,smart_10000022
877400,smart_10000022
8758112,smart_10000022
8M0124227,smart_10000019
18654A1,smart_10000019
32734A3,smart_10000019
32734,smart_10000019
271002182,smart_10000026
267000030,smart_10000026
267000900,smart_10000026
34982,smart_10000023
32820,smart_10000023
853450,smart_10000023
8074,smart_10000023
19210-ZW9-013,smart_10000020
19210-ZW9-003,smart_10000020
65606,smart_34171063
65606T,smart_34171063
879288T41,smart_34171063
707600872,smart_89883639
710000261,smart_06848327
710000870,smart_06848327
710000908,smart_06848327
710001103,smart_06848327
715003585,smart_13862651
715007822,smart_98021871
715007962,smart_19408757
857022A46,smart_50765516
8M0151323,smart_50765516
267000757,smart_10000027
267000648,smart_10000027
292000685,smart_10000030
292000187,smart_10000030
278003606,smart_10000028
278003283,smart_10000028
278003292,smart_10000028
278003478,smart_10000028
278003585,smart_10000028
278003570,smart_10000028
278003554,smart_10000028
295501209,smart_10000034
33138A1,smart_10000035
3211080,smart_10000037
420217425,smart_10000046
420217429,smart_10000046
420256455,smart_10000048
857028A46,smart_16366787
8M0103530,smart_16366787
8M0151325,smart_16366787
825862A47,smart_43126632
8M0151382,smart_43126632
8M0152821,smart_05427709
8M0152823,smart_93614907
3863130,smart_35272177
898141,smart_35272177
8M0156229,smart_35272177
8M0115080,smart_42072007
8M0157078,smart_42072007
8M0173128,smart_42072007
881879010,smart_40880817
8818793,smart_40880817
8M0157742,smart_40880817
8M6000623,smart_40880817
8M0142980,smart_81942833
8M0205803,smart_81942833
810846T,smart_10000107
810846,smart_10000107
420819789,smart_10000053
420832648,smart_10000054
420889174,smart_10000056
420886688,smart_10000056
420889171,smart_10000056
420685712,smart_10000052
420685242,smart_10000051
420685248,smart_10000051
420686090,smart_10000051
420686094,smart_10000051
420950771,smart_10000057
420950770,smart_10000057
43713,smart_10000063
43035A05,smart_10000060
43035A4,smart_10000061
43035A3,smart_10000061
43035A2,smart_10000061
43035A1,smart_10000061
0508410,smart_10000061
0775420,smart_10000061
8M0199681,smart_10000064
44348001,smart_10000064
44348,smart_10000064
44348T,smart_10000064
46020T02,smart_10000065
46020002,smart_10000065
460201,smart_10000065
46020T,smart_10000065
46020,smart_10000065
39384,smart_10000065
267001045,smart_01711147
267001110,smart_01711147
32-162-13-19,smart_01711147
607IS051,smart_01711147
267001124,smart_76731697
267001150,smart_87554386
269502427,smart_03564469
270000251,smart_69729879
420866120,smart_69729879
270000885,smart_14186862
270001096,smart_14186862
270001215,smart_14186862
271001550,smart_88197710
271001719,smart_88197710
512061250,smart_10000068
512060468,smart_10000068
512060618,smart_10000068
512061051,smart_10000068
512060815,smart_10000068
806190Q1,smart_10000099
806190,smart_10000099
806190A1,smart_10000099
806190T1,smart_10000099
8M0059342,smart_10000099
806189Q1,smart_10000099
806190B4,smart_10000099
5142964-067,smart_10000069
5137431-067,smart_10000069
5137431,smart_10000069
703500806,smart_10000072
703500875,smart_10000073
706200181,smart_10000077
709400449,smart_10000078
715004450,smart_10000082
7061220,smart_10000076
7061187,smart_10000076
7081505,smart_10000076
7081580,smart_10000076
7081666,smart_10000076
7081462,smart_10000076
715007185,smart_10000083
715009117,smart_10000084
805320A1,smart_10000097
805320A03,smart_10000097
805129A2,smart_10000097
805129A3,smart_10000097
17693A2,smart_10000097
805129A1,smart_10000097
99122A6,smart_10000097
88678A5,smart_10000097
88678A4,smart_10000097
96863A15,smart_10000097
99122A2,smart_10000097
63115A12,smart_10000097
715900326,smart_10000085
715500371,smart_10000085
715900186,smart_10000085
703000022,smart_10000085
705500304,smart_10000085
76868A04,smart_10000087
76868A2,smart_10000087
76868A1,smart_10000087
803099T1,smart_10000090
77348A45,smart_10000089
77348A40,smart_10000089
864572,smart_10000092
864572T,smart_10000092
864572T01,smart_10000092
807252T5,smart_10000104
807252Q5,smart_10000104
807252T8,smart_10000104
814653T,smart_10000111
814653,smart_10000111
814653001,smart_10000111
810846A05,smart_10000106
810846A90,smart_10000106
52364A88,smart_10000106
814242,smart_10000110
807151A14,smart_10000102
807151A7,smart_10000102
808009T10,smart_10000105
808009A10,smart_10000105
808009,smart_10000105
827179A12,smart_10000126
806552A1,smart_10000100
806790A1,smart_10000100
805486A1,smart_10000100
12718,smart_10000100
16792A33,smart_67514316
16792A39,smart_67514316
0184765,smart_52126279
184690,smart_52126279
184765,smart_52126279
3859039,smart_52126279
21139810,smart_39507633
24845897,smart_39507633
21405444,smart_26770021
21405494,smart_26770021
3583729,smart_26770021
8M0204709,smart_10000121
8172761,smart_10000121
817276,smart_10000121
8172763,smart_10000121
817373A1,smart_10000122
821630,smart_10000122
821630A1,smart_10000122
821630A2,smart_10000122
821630Q1,smart_10000122
821630T1,smart_10000122
821928,smart_10000124
816575A1,smart_10000115
816575A3,smart_10000115
816761Q4,smart_10000118
816761A4,smart_10000118
816761K4,smart_10000118
816761T4,smart_10000118
813720A4,smart_10000118
43376A4,smart_10000118
21711728,smart_43066959
20799057,smart_47971047
21422647,smart_47971047
21951356,smart_47971047
21951366,smart_47971047
24139377,smart_47971047
3841697,smart_47971047
875593,smart_47971047
877061,smart_47971047
22377272,smart_49923886
3888460,smart_49923886
SK48674,smart_49923886
21632664,smart_73175974
23075366,smart_73175974
21632667,smart_67091432
23075367,smart_67091432
832832A45,smart_10000129
832832ARA,smart_10000129
834838,smart_10000130
832075A20,smart_10000127
832075A14,smart_10000127
5454A21,smart_10000127
5454A25,smart_10000127
5454A63,smart_10000127
5919A2,smart_10000127
5919A6,smart_10000127
5919A8,smart_10000127
818535A15,smart_10000127
832075A15,smart_10000127
832075A17,smart_10000127
832075A19,smart_10000127
850463T7,smart_10000133
850463,smart_10000133
24061426,smart_38641217
858517A3,smart_10000136
805370A1,smart_10000136
858517A1,smart_10000136
41629A2,smart_10000136
275350,smart_38758094
295101255,smart_23314511
295101260,smart_95652160
295101263,smart_03597590
295101348,smart_09565603
295501206,smart_91651030
290664020,smart_28943703
296000307,smart_28943703
420664020,smart_28943703
30894A5,smart_77383096
32511A1,smart_20433267
32511B1,smart_20433267
864244A2,smart_10000140
12784A4,smart_10000140
12784A10,smart_10000140
864282T,smart_10000141
865492T,smart_10000141
865615Q04,smart_10000146
8638764,smart_10000146
865615004,smart_10000146
862086,smart_10000146
8620861,smart_10000146
862086A1,smart_10000146
88397A1,smart_10000162
883476A2,smart_10000161
859779A3,smart_10000161
865615Q06,smart_10000147
8610491,smart_10000147
8638766,smart_10000147
865615006,smart_10000147
864549A02,smart_10000142
864549A1,smart_10000142
3582436,smart_96342606
3583787,smart_96342606
876104,smart_96342606
876530,smart_96342606
11000237,smart_18051259
1544683,smart_18051259
1676306,smart_18051259
8149182,smart_18051259
879194186,smart_10000155
8M0103473,smart_10000152
86748A1,smart_10000152
F506818,smart_10000152
183512,smart_10000152
3854250,smart_10000152
0979986,smart_10000152
0986212,smart_10000152
1129,smart_10000152
879194A01,smart_10000156
862540A3,smart_10000156
862540A04,smart_10000156
862540T1,smart_10000156
60794A4,smart_10000156
879194A02,smart_10000156
880596T55,smart_10000158
866170A01,smart_10000150
8865,smart_10000150
881879T26,smart_10000160
881879A19,smart_10000160
881879A20,smart_10000160
818763A10,smart_10000153
818763A4,smart_10000153
73020A20,smart_10000153
73020A14,smart_10000153
818763T11,smart_10000153
877767K01,smart_10000154
896546T,smart_10000154
877767Q01,smart_10000154
3584145,smart_38153942
3830004,smart_38153942
843736,smart_38153942
875850,smart_38153942
876070,smart_38153942
3588753,smart_78556251
3808536,smart_78556251
3862168,smart_78556251
3594509,smart_18311526
35988A12,smart_00718425
35988A2,smart_00718425
89238,smart_10000166
33144,smart_10000166
77634,smart_10000166
F694305,smart_10000166
898253T23,smart_10000170
888731,smart_10000170
3859019,smart_10000170
898253T28,smart_10000170
892681,smart_10000167
892150Q02,smart_10000165
91019A3,smart_10000165
91019A6,smart_10000165
861780A2,smart_10000165
861780A4,smart_10000165
861780Q4,smart_10000165
892150A02,smart_10000165
91019A2,smart_10000165
892150K02,smart_10000165
8M0188118,smart_10000169
897526T,smart_10000169
3807613,smart_92254611
3855783,smart_92254611
814601,smart_92254611
3808898,smart_81756696
21730348,smart_21481623
3583602,smart_21481623
3588476,smart_21481623
3593573,smart_21481623
3817587,smart_21481623
3819486,smart_21481623
24677251,smart_24281743
3838617,smart_24281743
183668,smart_69047559
3850852,smart_69047559
853949,smart_69047559
3851334,smart_27774078
873049,smart_27774078
8M0033407,smart_10000174
861695,smart_10000174
805077,smart_10000174
8M0057307,smart_10000177
885599003,smart_10000177
885599004,smart_10000177
8855991,smart_10000177
885599005,smart_10000177
885599002,smart_10000177
885599,smart_10000177
8M0082538,smart_10000181
8M0062406,smart_10000178
86840A05,smart_10000178
86840A3,smart_10000178
8M0077471,smart_10000179
879984T01,smart_10000179
879984A1,smart_10000179
879984T00,smart_10000179
8M0042380,smart_10000179
8M0082911,smart_10000182
897575T02,smart_10000182
897575T01,smart_10000182
899888T22,smart_10000172
8M3000314,smart_10000172
4942543,smart_10000172
2092986,smart_10000172
3852268,smart_36790148
854553,smart_36790148
0778351,smart_50345666
3855275,smart_50345666
87750,smart_50345666
3858139,smart_89674450
3860384,smart_89674450
3888821,smart_88330125
3888917,smart_05719965
8M0232733,smart_10000185
8M0090558,smart_10000185
8M0097858,smart_10000189
8M0104229,smart_10000192
862232A2,smart_10000192
8M0090859,smart_10000186
43437,smart_10000186
8M0062102,smart_10000186
8M0095485,smart_10000188
803100T1,smart_10000188
8M8022389,smart_10000222
8M8022380,smart_10000222
41630T,smart_46086822
41656,smart_92005107
41656T,smart_92005107
32728,smart_10000184
35884,smart_10000184
59137,smart_10000184
59137A1,smart_10000184
67464,smart_10000184
8052731,smart_10000184
807252,smart_10000184
8072521,smart_10000184
807252B1,smart_10000184
807252Q4,smart_10000184
807252T1,smart_10000184
8M0089715,smart_10000184
8M0139984,smart_10000196
8M0118062,smart_10000196
862914A13,smart_10000196
8M0125617,smart_10000198
881070T,smart_10000198
8M0126670,smart_10000199
8M0058677,smart_10000199
8M0058684,smart_10000199
41657,smart_30371708
41657T,smart_30371708
417300166,smart_17687786
417300367,smart_17687786
417300383,smart_17687786
417300551,smart_17687786
417300377,smart_99549573
417300391,smart_99549573
417300531,smart_99549573
417300571,smart_99549573
422280651,smart_99549573
422280652,smart_99549573
422280655,smart_99549573
420236915,smart_40354909
420297060,smart_21429657
420297062,smart_21429657
420297063,smart_21429657
290664040,smart_40130820
420664040,smart_40130820
420664041,smart_40130820
420664042,smart_40130820
420664043,smart_40130820
420664044,smart_40130820
420664045,smart_40130820
420664046,smart_40130820
420666140,smart_40755895
420666141,smart_40755895
420666142,smart_40755895
420666147,smart_70167341
420832753,smart_20678905
8M0101602,smart_10000208
8M0101604,smart_10000208
8M0156116,smart_10000209
8M0157620,smart_10000210
8M0157616,smart_10000210
8M0095658,smart_10000210
8M0205848,smart_10000216
8M0204700,smart_10000214
888483,smart_10000214
896600,smart_10000214
888906,smart_10000214
8M0214952,smart_10000217
8159501,smart_10000217
815950,smart_10000217
815950Q01,smart_10000217
8M0169062,smart_10000212
92004,smart_10000212
8M0205729,smart_10000215
70081,smart_10000215
91351-ZW1-003,smart_10000215
91255-ZW1-003,smart_10000215
0508456,smart_10000215
8M2003959,smart_10000219
290837472,smart_08896840
420837472,smart_08896840
420837543,smart_86527653
852941,smart_49117664
8M8022400,smart_10000223
866322A01,smart_10000225
98262A1,smart_10000225
98262A02,smart_10000225
SSC13416,smart_10000226
SSC134-16,smart_10000226
1349,smart_10000226
0324-3608,smart_10000226
8M0142688,smart_10000221
8M6000634,smart_10000221
889659002,smart_10000221
897447002,smart_10000221
8M6000637,smart_10000221
420867152,smart_71445547
420867154,smart_71445547
420867155,smart_72154537
420867157,smart_72154537
420868017,smart_74932773
98230A1,smart_10000224
866718A01,smart_10000224
8M2005029,smart_10000220
416071,smart_10000220
420874000,smart_64225157
420881100,smart_42791597
420881101,smart_42791597
420881102,smart_42791597
420881942,smart_42791597
420881946,smart_42791597
420490673,smart_21693156
420881991,smart_21693156
420881992,smart_21693156
420893563,smart_21693156
715004301,smart_98024438
715008111,smart_98024438
715009276,smart_16487462
73134A4,smart_68206623
73134A40,smart_68206623
73134A45,smart_68206623
63538A1,smart_81685967
63540A1,smart_81685967
63542A4,smart_81685967
73140A4,smart_81685967
73140A40,smart_81685967
73140A45,smart_81685967
34278,smart_64698968
48330,smart_64698968
75611,smart_64698968
75611001,smart_64698968
756111,smart_64698968
75611A03,smart_22437931
77344A4,smart_56180350
77344A40,smart_56180350
77344A45,smart_56180350
77346A4,smart_03483158
77346A40,smart_03483158
77346A45,smart_03483158
73504A4,smart_28984372
75760A4,smart_28984372
78116A4,smart_28984372
78116A40,smart_28984372
78116A45,smart_28984372
80010T,smart_09201172
NA-80010T,smart_09201172
804844,smart_14673469
804844001,smart_14673469
804844002,smart_14673469
805072,smart_66525428
8050721,smart_66525428
8M0177335,smart_66525428
3854527,smart_43507257
805223,smart_43507257
805223T,smart_43507257
17693A4,smart_91290025
56683A1,smart_91290025
63115A1,smart_91290025
63115A6,smart_91290025
63115A9,smart_91290025
805320A2,smart_91290025
96863A10,smart_91290025
96863A11,smart_91290025
99122A7,smart_91290025
0913697,smart_11832564
3854095,smart_11832564
3854096,smart_11832564
52571,smart_11832564
61782,smart_11832564
805722A1,smart_11832564
812712,smart_11832564
8M0073380,smart_11832564
72774A86,smart_73733265
807151A9,smart_73733265
807670A96,smart_99653577
808009A11,smart_74353248
808009T11,smart_74353248
8094621,smart_18657189
8094631,smart_18657189
809463A1,smart_18657189
810929,smart_37547229
810929003,smart_37547229
810929004,smart_37547229
8109291,smart_37547229
8109292,smart_37547229
9043,smart_37547229
9061,smart_37547229
90611,smart_37547229
8115461,smart_67968085
8115462,smart_67968085
811546A03,smart_67968085
811546A04,smart_67968085
812929,smart_06332892
8129291,smart_06332892
14334A1,smart_35607496
14334A2,smart_35607496
14334A3,smart_35607496
812966A10,smart_35607496
812966A11,smart_35607496
812966A12,smart_35607496
812966A4,smart_35607496
812966A5,smart_35607496
812966A6,smart_35607496
813693A1,smart_93106633
813693T1,smart_93106633
813694,smart_64737311
813694T,smart_64737311
815901,smart_41322137
86751,smart_41322137
73132A40,smart_81008435
816704A40,smart_81008435
816704A45,smart_81008435
817275A08,smart_51397372
8M0077246,smart_51397372
817275A09,smart_00841460
19755A2,smart_61497597
66067,smart_61497597
66067T,smart_61497597
818349A1,smart_61497597
818349T1,smart_61497597
1596010,smart_77838745
52215,smart_77838745
818467,smart_77838745
85700,smart_77838745
818889A1,smart_25208506
822535A1,smart_87649582
823547A1,smart_73689301
823547A2,smart_73689301
823665A60,smart_39024337
823666A60,smart_10685990
824492,smart_09782353
824517A1,smart_11177676
821823A1,smart_59923645
853640A2,smart_59923645
827955A2,smart_98256452
828073A1,smart_30471391
830749A01,smart_34105921
831255A6,smart_72140664
73508A4,smart_99546026
74874A4,smart_99546026
78120A4,smart_99546026
78120A40,smart_99546026
78120A45,smart_99546026
832830A45,smart_99546026
832830ARA,smart_99546026
36008A1,smart_53662972
36010A4,smart_53662972
58426A4,smart_53662972
65480A1,smart_53662972
67874A4,smart_53662972
73512A4,smart_53662972
75160A4,smart_53662972
78124A4,smart_53662972
78124A40,smart_53662972
78124A45,smart_53662972
79578A4,smart_53662972
832834A45,smart_53662972
847741,smart_21373062
8477416,smart_21373062
849396,smart_42319813
850026A1,smart_49169433
850026T1,smart_49169433
850026T3,smart_66168425
850036,smart_72139713
850036T,smart_72139713
850227,smart_29420118
856991A1,smart_29420118
857031A46,smart_88791797
8M0151326,smart_88791797
858065QB1,smart_17706395
8M0219577,smart_17706395
858679T2,smart_51862228
859101T03,smart_98008866
859104T01,smart_41906261
860201162,smart_75091838
860202072,smart_31190981
860202331,smart_56207625
860201992,smart_38928146
860202393,smart_38928146
860203003,smart_38928146
860202714,smart_76603058
806867A12,smart_15048427
806867A3,smart_15048427
806867A9,smart_15048427
860235A03,smart_15048427
860246A10,smart_75447273
860246A15,smart_75447273
860246Q11,smart_75447273
87114A19,smart_75447273
861155A3,smart_19694611
861175A2,smart_69828426
8M0185784,smart_69828426
42725A3,smart_87143295
861676A1,smart_87143295
861676T09,smart_87143295
862077A1,smart_87143295
8M0073435,smart_87143295
861791,smart_06874593
862776A01,smart_88843996
863169,smart_85459249
864284,smart_85459249
863631T1,smart_16226956
863656A1,smart_72509262
864245T,smart_05505623
865495T,smart_05505623
864591T02,smart_38724546
864612T01,smart_82041764
864959,smart_97565515
999031,smart_97565515
863142A3,smart_34833405
865277,smart_34833405
865277A01,smart_34833405
865277A02,smart_34833405
805073T,smart_20829811
865322T,smart_20829811
861781A1,smart_33010270
865344A01,smart_33010270
865385,smart_70132467
865385001,smart_70132467
865503T,smart_63520950
865509T,smart_63520950
8638765,smart_96938142
865423005,smart_96938142
865615005,smart_96938142
865615Q05,smart_96938142
12675A16,smart_65072216
12675A5,smart_65072216
865657A03,smart_65072216
96120A11,smart_65072216
865876A03,smart_52368562
866133A01,smart_58541332
866148,smart_01306294
875741,smart_79159906
876266,smart_79159906
876267,smart_88836054
803407A1,smart_41264536
875256,smart_41264536
875826,smart_41264536
876294,smart_41264536
897889,smart_41264536
875830,smart_87613584
875848,smart_87613584
876631,smart_87613584
897631,smart_87613584
0509243,smart_09651605
0914930,smart_09651605
11986,smart_09651605
33408,smart_09651605
3854299,smart_09651605
42744,smart_09651605
7057310,smart_09651605
816460,smart_09651605
841733,smart_09651605
856371,smart_09651605
879150140,smart_09651605
912227,smart_09651605
914930,smart_09651605
879171T23,smart_17497200
879172008,smart_08867787
879172029,smart_74820423
879172108,smart_51289781
879172120,smart_80282932
879312025,smart_14190540
856184A1,smart_80250487
859776A3,smart_80250487
883473A2,smart_80250487
880552A05,smart_62357040
880552A06,smart_62357040
880552A07,smart_62357040
880596503,smart_65546382
880596T58,smart_58409926
881055T10,smart_38326895
881055T3,smart_38326895
881879A2,smart_75414180
88243A3,smart_57632117
882757T02,smart_62651998
859782A3,smart_62605017
883479A2,smart_62605017
858327A3,smart_46860264
883473A1,smart_46860264
887903A1,smart_46860264
858331A3,smart_70122803
883476A1,smart_70122803
887906A1,smart_70122803
888590,smart_39652446
888590002,smart_39652446
888755A1,smart_17199263
888755K01,smart_17199263
888755Q01,smart_17199263
888755Q03,smart_17199263
888756A1,smart_27444034
888756Q03,smart_27444034
888761Q01,smart_14366193
888761Q03,smart_14366193
4939831,smart_81729500
889305T01,smart_81729500
889639A02,smart_08195139
892267A51,smart_83690232
892319001,smart_32382235
8M0163129,smart_32382235
8M0213112,smart_32382235
892451T30,smart_15506883
893565,smart_94805188
8M0183247,smart_94805188
893640T01,smart_17582709
859377T,smart_49738646
884044T,smart_49738646
888161T,smart_49738646
893888T,smart_49738646
822462,smart_93008097
8224621,smart_93008097
822462T1,smart_93008097
893890T,smart_93008097
66015,smart_57646843
660152,smart_57646843
66015T1,smart_57646843
893891T,smart_57646843
897754A10,smart_82824084
897754A11,smart_82824084
898101490,smart_91316912
899329A09,smart_65176481
4939810,smart_80464264
899887T04,smart_80464264
896277006,smart_99952985
8M0024565,smart_99952985
892318,smart_84588481
8M0012623,smart_84588481
8M0026410,smart_84588481
893307A01,smart_84471841
8M0035481,smart_84471841
8M0040406,smart_38283798
892811T01,smart_25369022
892811T02,smart_25369022
8M0006027,smart_25369022
8M0041571,smart_25369022
8M0222278,smart_25369022
8M0044991,smart_97894132
8866A18,smart_86630290
8866A23,smart_86630290
8866G01,smart_86630290
8M0046683,smart_86630290
8866A20,smart_45608344
8866A32,smart_45608344
8866A35,smart_45608344
8866A67,smart_45608344
8866G04,smart_45608344
8866G09,smart_45608344
8M0046738,smart_45608344
8M0052849,smart_30954674
8M0206585,smart_30954674
8M0052924,smart_44510395
8M0053486,smart_71712223
8M0056139,smart_70996634
8M0056631,smart_75499112
8M0056956,smart_61195726
8M0077553,smart_91103254
8M0056957,smart_23574158
8M0057716,smart_90618973
8M0057769,smart_84733202
8M0061040,smart_62532679
43881A11,smart_19842124
43881A14,smart_19842124
43881A16,smart_19842124
43881A8,smart_19842124
8M0062568,smart_19842124
892242T,smart_01303426
8M0062950,smart_01303426
8M0063264,smart_39230255
884328A01,smart_09780757
8M0063270,smart_09780757
8M0065064,smart_55639355
34623,smart_69385275
815425,smart_69385275
815425T,smart_69385275
8M0068784,smart_69385275
90806,smart_69385275
90806A1,smart_69385275
8M0074868,smart_35193653
806193A37,smart_26111537
806193A47,smart_26111537
806193T37,smart_26111537
8M0075710,smart_26111537
8M0077125,smart_40392029
8M0078858,smart_72053886
883720A13,smart_10055671
897978A13,smart_10055671
8M0082536,smart_10055671
883719A14,smart_30561944
883720A14,smart_30561944
897978A14,smart_30561944
8M0082537,smart_30561944
8M0082540,smart_73272435
8M0082541,smart_72402962
5338843,smart_86167028
8M0084296,smart_86167028
8M0084494,smart_24225510
8M0084495,smart_54677963
8M0088014,smart_21667797
8M0090776,smart_80880777
892864T06,smart_60537176
8M0090819,smart_60537176
8M0096704,smart_41335200
8M0096727,smart_55860637
18309A2,smart_51835045
18311A17,smart_51835045
18311A2,smart_51835045
812964A2,smart_51835045
861523A9,smart_51835045
8M0098795,smart_51835045
8M0101601,smart_80795450
8M0101603,smart_80795450
8M0103300,smart_05226904
8M0142764,smart_05226904
66668A1,smart_32421902
8M0103470,smart_32421902
99328A1,smart_32421902
F458250,smart_32421902
86763A2,smart_71215521
8M0103472,smart_71215521
54036A1,smart_44643914
8M0103474,smart_44643914
54038A1,smart_73189977
8M0103475,smart_73189977
805092,smart_39812187
805092T,smart_39812187
859131,smart_39812187
8M0105210,smart_39812187
8M0108208,smart_65881753
8M0110639,smart_66198320
8M0142399,smart_57599813
885545,smart_64317665
8M0000712,smart_64317665
8M0043229,smart_64317665
8M0111178,smart_64317665
8M0111544,smart_82203078
17437,smart_48321737
60658,smart_48321737
811841,smart_48321737
850399,smart_48321737
8503991,smart_48321737
878341,smart_48321737
8M0113734,smart_48321737
17670,smart_49097102
49139,smart_49097102
54534,smart_49097102
59972,smart_49097102
67859,smart_49097102
811573,smart_49097102
850454,smart_49097102
850454002,smart_49097102
8504541,smart_49097102
878342,smart_49097102
8M0113735,smart_49097102
818807,smart_59547927
8M0079425,smart_59547927
8M0115498,smart_59547927
809096,smart_22627022
8M0116793,smart_22627022
8M0087542,smart_36009256
8M0118725,smart_36009256
8M0119052,smart_04437906
880720A03,smart_68634207
8M0119539,smart_68634207
8M0126144,smart_27731460
8M0129074,smart_46866834
879337K51,smart_97036333
8M0048274,smart_97036333
8M0055120,smart_97036333
8M0062374,smart_97036333
8M0079864,smart_97036333
8M0100793,smart_97036333
8M0135536,smart_97036333
8M0137552,smart_40647195
8M0070051,smart_81033178
8M0151322,smart_81033178
8M0095468,smart_17402425
8M0142695,smart_17402425
8M0142805,smart_09410912
884323T01,smart_04211693
8M0142836,smart_04211693
8M0142979,smart_17231666
892451T40,smart_86259640
899889T40,smart_86259640
8M0146749,smart_86259640
835257K10,smart_29767842
835257K9,smart_29767842
8M0150151,smart_29767842
898999A46,smart_01842506
8M0151238,smart_01842506
899202A46,smart_19907370
8M0151245,smart_19907370
8M0151259,smart_52177841
8M0151261,smart_77890060
857024A46,smart_38300527
8M0151317,smart_38300527
857026A46,smart_89973283
8M0151321,smart_89973283
8M0142689,smart_84583181
8M0161580,smart_84583181
35993A1,smart_67600689
66081A1,smart_67600689
66081A2,smart_67600689
66081A4,smart_67600689
8M0171103,smart_67600689
86779A1,smart_55883198
8M0171142,smart_55883198
8M0173694,smart_58507189
892864T04,smart_03987784
8M0174561,smart_03987784
8M0178243,smart_83640184
862998,smart_15494398
8M0045797,smart_15494398
8M0181068,smart_15494398
8M0050097,smart_50841585
8M0184533,smart_50841585
893604T,smart_66840609
8M0187297,smart_66840609
8M0200115,smart_89271620
8M0200136,smart_68461885
863395,smart_06743152
881698,smart_06743152
8M0117678,smart_06743152
8M0220181,smart_06743152
8M0074767,smart_46325888
8M0097728,smart_46325888
8M0220620,smart_46325888
863122,smart_07275513
8M2000433,smart_07275513
8M2013382,smart_18912511
8M6000366,smart_22606185
8M6002430,smart_93295753
8M0067617,smart_41174688
8M6002552,smart_41174688
885349500,smart_10204513
8M6003035,smart_10204513
8M8022390,smart_37211401
8M8026590,smart_99767465
8M8026600,smart_44502844
984222,smart_81733062
993430,smart_90438247
15400-P0H-305,smart_75226456
15400-PLC-003,smart_75226456
15400-PLC-004,smart_75226456
15400-PLM-A01,smart_75226456
15400-PLM-A02,smart_75226456
15400-PLM-A02PE,smart_75226456
15400-RAF-T01,smart_75226456
15400-RBA-F01,smart_75226456
15400-RTA-003,smart_75226456
15400-RTA-004,smart_75226456
3860232,smart_15307971
854619,smart_15307971
865493A01,smart_15307971
865496A01,smart_15307971
865496A02,smart_15307971
865510T,smart_15307971
865511T,smart_15307971
41641A18,smart_04055908
41641A2,smart_04055908
41641A6,smart_04055908
41641A8,smart_04055908
814281A7,smart_53775484
889514A01,smart_53775484
8M0052939,smart_53775484
8M0207794,smart_53775484
814819A7,smart_76684452
864281A2,smart_76684452
816461A2,smart_50161452
865328A01,smart_50161452
864281A01,smart_03893056
865491A01,smart_03893056
864308T01,smart_40570412
865049T01,smart_40570412
865735A02,smart_40570412
8M0185794,smart_40570412
15410-KF0-305,smart_10000007
15410-KF0-315,smart_10000007
15412-HM5-010,smart_10000007
15412-HM5-A10,smart_10000007
15412-KF0-010,smart_10000007
52010-1053,smart_10000007
HF113,smart_10000007
881633,smart_96649721
881633001,smart_96649721
881633T01,smart_96649721
895235,smart_96649721
882813A04,smart_84403883
882813A3,smart_84403883
8M0040400,smart_36813340
8M0127045,smart_36813340
8M0151255,smart_36813340
8M0040404,smart_32797223
8M0127053,smart_32797223
8M0151263,smart_32797223
831294,smart_30288967
8M0065179,smart_30288967
8M0151040,smart_30288967
07-13440-90,smart_70305861
2H0-13440-90-00,smart_70305861
4X7-13440-01-00,smart_70305861
4X7-13440-90-00,smart_70305861
583-13440-10-00,smart_70305861
5JX-13440-00-00,smart_70305861
HF145,smart_70305861
KN-145,smart_70305861
13700A46,smart_37629018
8M0151308,smart_37629018
QS5006X,smart_37629018
13702A46,smart_28177200
8M0151310,smart_28177200
QS5008X,smart_28177200
14360A41,smart_82094250
14360A43,smart_82094250
14360A71,smart_82094250
14360A78,smart_82094250
99357A4,smart_82094250
16709A1,smart_26238504
16709A2,smart_26238504
20839T,smart_23639992
21141341,smart_60957720
21379288,smart_60957720
18-7908,smart_59077605
21646645,smart_59077605
3582358,smart_59077605
SA6092,smart_59077605
09-819B,smart_89200568
21430184,smart_89200568
21730344,smart_89200568
21951360,smart_89200568
24699834,smart_89200568
807904,smart_89200568
825942,smart_89200568
875660,smart_89200568
875736,smart_89200568
09-812B,smart_10000024
21212794,smart_10000024
21213664,smart_10000024
21381693,smart_10000024
21700443,smart_10000024
21951352,smart_10000024
21951354,smart_10000024
22307636,smart_10000024
3584350,smart_10000024
3588914,smart_10000024
3593660,smart_10000024
3595485,smart_10000024
3842786,smart_10000024
20397955,smart_59995934
20441484,smart_59995934
20560252,smart_59995934
21237216,smart_59995934
21412643,smart_59995934
22820752,smart_59995934
3183582,smart_59995934
7421237216,smart_59995934
21422649,smart_55754567
21951358,smart_55754567
21958592,smart_55754567
22000061,smart_55754567
22994993,smart_55754567
24139373,smart_55754567
3825113,smart_55754567
3887761,smart_55754567
876761,smart_55754567
876771,smart_55754567
0460142,smart_58580897
267000105,smart_58580897
267000150,smart_58580897
267000338,smart_58580897
267000372,smart_58580897
267001036,smart_58580897
267001186,smart_58580897
267000388,smart_14210957
267000021,smart_75049410
267000044,smart_75049410
267000104,smart_75049410
267000419,smart_75049410
267001184,smart_75049410
271001236,smart_75049410
003-498,smart_24214735
267000638,smart_24214735
267000917,smart_24214735
267001181,smart_24214735
267000617,smart_88771149
267000813,smart_88771149
267000883,smart_88771149
267000925,smart_88771149
WC-03009,smart_88771149
0461969,smart_68417917
0465105,smart_68417917
271001434,smart_68417917
271001892,smart_68417917
272000176,smart_68417917
295501144,smart_68417917
295501198,smart_68417917
295501204,smart_68417917
271001974,smart_32362437
267000540,smart_84060599
267000852,smart_84060599
271002018,smart_84060599
461998,smart_84060599
271001761,smart_40768322
271001923,smart_40768322
271002072,smart_40768322
273000317,smart_30454112
273000328,smart_30454112
274001127,smart_88376561
274001366,smart_88376561
275500850,smart_12178309
275500996,smart_12178309
0460287,smart_89896154
276000086,smart_89896154
276000179,smart_09612166
276000319,smart_09612166
276000332,smart_09612166
276000397,smart_09612166
276000415,smart_09612166
270001010,smart_36304233
277000843,smart_36304233
277001010,smart_36304233
277001017,smart_36304233
277001322,smart_36304233
277001431,smart_36304233
277001474,smart_36304233
277001532,smart_36304233
277001580,smart_36304233
291005510,smart_99548793
291006724,smart_99548793
278001277,smart_45984764
278001543,smart_45984764
278002150,smart_45984764
278002199,smart_45984764
278002390,smart_45984764
278002483,smart_45984764
295500342,smart_45984764
295500411,smart_45984764
295500444,smart_45984764
295500699,smart_45984764
278002315,smart_20955679
278002602,smart_20955679
278002843,smart_16877272
278003410,smart_16877272
278002606,smart_43251874
278002846,smart_43251874
278002865,smart_43251874
278003042,smart_43251874
278003137,smart_73091069
278003402,smart_73091069
278003474,smart_39365234
278003726,smart_39531261
279000009,smart_12473733
291003064,smart_83223778
291004277,smart_83223778
291005401,smart_83223778
291004452,smart_14726186
291005082,smart_59050539
295100418,smart_26657529
295100418-550,smart_26657529
295100418-729,smart_26657529
295100418-944,smart_26657529
295100496,smart_65584729
295100596,smart_11004278
295100698,smart_40487758
295100710,smart_25968142
295100711,smart_48624491
295100729,smart_85790878
295100732,smart_60150983
295100758,smart_74615038
295100798,smart_74615038
295100762,smart_10876392
295100793,smart_02878704
295100812,smart_37595779
295100733,smart_70429508
295100835,smart_70429508
295100839,smart_13077725
295100857,smart_05051820
295100862,smart_83700639
295100504,smart_83284082
295100553,smart_83284082
295100864,smart_83284082
295100865,smart_83284082
295100870,smart_83284082
295100797,smart_98439196
295100867,smart_98439196
295101043,smart_98439196
295100747,smart_54083989
295100869,smart_54083989
295100885,smart_95724578
295100889,smart_20942160
295100863,smart_28602024
295100909,smart_28602024
295100671,smart_97562757
295100788,smart_97562757
295100912,smart_97562757
295100957,smart_97562757
295100923,smart_77972482
295100834,smart_44135040
295100927,smart_44135040
295100752,smart_58679127
295100950,smart_58679127
295100965,smart_74305110
278003613,smart_41529359
295100972,smart_41529359
295101015,smart_30264819
295101016,smart_63551303
295101017,smart_32634214
295101138,smart_14043613
295101140,smart_32179211
295101144,smart_76932217
295101145,smart_61010823
295101148,smart_04149498
295101160,smart_98168885
3853492,smart_04881055
3858051,smart_04881055
414505900,smart_10000044
414523300,smart_10000044
414617500,smart_10000044
414633800,smart_10000044
414860700,smart_10000044
415060600,smart_10000044
417300127,smart_10000044
417300585,smart_10000044
4M0820021,smart_47288220
4M1820021,smart_47288220
4M1820021A,smart_47288220
4M1820021B,smart_47288220
4M1820021C,smart_47288220
PAB820021,smart_47288220
43024A3,smart_10001124
817275A1,smart_10001124
817275A2,smart_10001124
896537A29,smart_33698011
896537T29,smart_33698011
8M0040396,smart_10000207
8M0040398,smart_10000207
8M0127041,smart_10000207
8M0151251,smart_10000207
8M0151253,smart_10000207
A0009018802,smart_19090464
A0009020221,smart_19090464
A0009050610,smart_19090464
A0009052504,smart_19090464
A0009052604,smart_19090464
A0009053303,smart_19090464
A0009057405,smart_19090464
A000905740564,smart_19090464
A0009058104,smart_19090464
A0009059906,smart_19090464
ZBA0009052504,smart_19090464
A0009054308,smart_03069929
A0009055205,smart_03069929
A0009058904,smart_03069929
A0051534128,smart_03069929
A0071537528,smart_03069929
A0081533428,smart_03069929
A0081534128,smart_03069929
LR011710,smart_82957547
